"Keyword","Trends","Impressions"
"waterma","[20]","20"
"watermark software","[20]","20"
"watermark re","[29]","29"
"watermark requirements","[39]","39"
"tnm watermark","[50]","50"
"watermark on image","[28,25]","53"
"ksu watermark","[29,35]","64"
"canva watermark","[0,0,26,0,0,0,21,24,0]","71"
"how to create a watermark","[0,0,20,27,26]","73"
"watermark photos","[26,0,0,27,20]","73"
"universal watermark disabler官网","[50,25]","75"
"watermark seaport","[38,27,21]","86"
"watermark logo","[20,28,22,20,24]","114"
"watermark eraser","[28,24,20,26,20]","118"
"watermark add in pdf","[26,24,24,24,32]","130"
"livetext watermark","[32,26,34,26,23]","141"
"poner marca de agua a fotos","[20,22,24,26,20,33]","145"
"watermark definition","[22,25,41,32,29]","149"
"watermark country club","[24,23,23,25,31,25]","151"
"watermark images","[22,25,34,25,20,22,22]","170"
"water marks","[46,26,0,28,25,24,22]","171"
"watermark resources","[27,25,38,20,35,29]","174"
"watermark osoyoos","[25,23,35,29,30,35]","177"
"how to make a watermark","[30,24,20,30,24,30,26]","184"
"hilangkan watermark online","[26,23,29,29,26,29,29]","191"
"watermark medical portal","[0,0,36,22,21,35,43,47]","204"
"menghapus watermark","[29,26,23,27,30,42,24,25]","226"
"watermark plumbing","[23,31,32,32,44,30,30,23]","245"
"free watermark maker","[40,21,25,25,27,26,30,25,34]","253"
"ilovepdf watermark","[39,33,23,20,25,33,23,22,39]","257"
"watermark medical login","[26,30,36,28,42,32,53,25]","272"
"watermark rugby pictures","[29,93,43,116]","281"
"watermark on pdf","[35,28,28,34,31,34,27,33,36]","286"
"watermark maker free","[26,26,24,23,45,20,44,36,34,25]","303"
"un watermark ai","[49,26,27,30,25,29,40,36,42]","304"
"watermarked","[27,27,33,34,27,28,29,35,25,40]","305"
"watermark online","[40,27,35,22,22,25,40,24,25,54]","314"
"add watermark to image","[38,32,32,33,31,34,41,41,40]","322"
"watermark in pdf","[37,26,44,23,27,28,34,30,35,40]","324"
"watermark church dallas tx","[28,28,34,21,40,48,50,43,48]","340"
"i love pdf watermark","[34,39,25,40,24,27,42,49,29,41]","350"
"watermark apartments","[35,29,39,26,20,38,42,37,39,59]","364"
"watermark community church","[37,36,26,36,37,46,33,49,37,32]","369"
"watermark creator","[30,40,49,32,51,37,32,48,32,44]","395"
"insert watermark word","[48,51,31,47,45,43,44,46,42]","397"
"hapus watermark foto","[44,46,39,27,44,46,39,34,33,46]","398"
"watermark adder","[41,50,45,34,34,32,50,28,61,38]","413"
"no watermark","[37,55,43,39,32,32,49,37,38,58]","420"
"sll watermark","[43,52,71,62,24,39,53,83]","427"
"watermark insights","[52,66,72,39,32,61,38,33,40]","433"
"watermark word","[68,39,46,52,0,44,56,55,55,49]","464"
"excel watermark","[41,49,55,38,22,44,54,50,50,66]","469"
"sejda watermark","[47,41,41,46,37,50,45,41,54,75]","477"
"pdf watermark adder","[34,38,50,42,60,47,56,60,51,51]","489"
"xóa watermark","[65,62,54,53,25,56,75,34,40,27]","491"
"word watermark","[62,53,56,55,48,47,59,55,57]","492"
"watermark hotel","[59,41,69,43,35,56,64,37,53,36]","493"
"hitpaw watermark remover官网","[61,80,45,54,34,38,48,45,46,42]","493"
"watermark designs","[50,59,58,32,60,79,65,52,47]","502"
"hapus watermark","[47,37,50,75,36,41,44,42,77,57]","506"
"visual watermark","[59,61,63,54,49,56,52,35,39,63]","531"
"watermark faucets","[43,53,47,61,31,71,68,56,55,68]","553"
"xóa watermark online","[76,66,58,56,48,51,58,51,47,51]","562"
"tiktok remove watermark","[49,55,45,47,54,51,78,59,75,72]","585"
"watermark image","[54,77,62,60,49,77,67,32,64,52]","594"
"watermarking","[91,55,57,66,35,67,62,60,49,61]","603"
"watermark tiktok","[61,61,54,47,92,68,58,65,62,43]","611"
"marcas de agua","[57,64,124,49,30,61,45,60,57,69]","616"
"watermarkly online","[84,85,86,77,33,49,64,72,39,53]","642"
"add watermark","[64,79,58,71,50,58,44,94,70,59]","647"
"draft watermark","[51,76,83,72,0,67,69,93,66,82]","659"
"insert watermark in word","[68,87,84,84,24,72,72,84,78,84]","737"
"what is a watermark","[84,77,68,55,38,71,66,154,78,66]","757"
"remove watermark from pdf free","[72,74,84,87,52,99,62,67,98,85]","780"
"watermark remover.io","[86,56,58,62,70,94,86,80,108,91]","791"
"how to remove watermark","[100,104,96,83,62,72,75,74,75,67]","808"
"watermark removal","[82,86,77,104,71,103,76,84,95,71]","849"
"watermark church","[78,103,65,72,66,79,80,108,115,84]","850"
"image watermark remover","[93,86,86,80,90,68,70,97,127,101]","898"
"watermarks","[88,93,89,93,75,83,84,97,102,99]","903"
"pdf watermark","[105,105,112,99,58,88,91,95,103,67]","923"
"tiktok watermark","[111,115,74,80,99,97,99,97,105,88]","965"
"watermark in excel","[118,86,118,110,58,93,102,89,103,118]","995"
"remove watermark ai","[97,107,141,135,95,105,117,92,96,82]","1067"
"how to add a watermark in word","[103,97,108,141,41,103,107,108,141,133]","1082"
"gpt watermark","[200,156,177,115,57,68,89,90,108,87]","1147"
"tiktok no watermark","[122,128,97,123,87,102,112,111,118,149]","1149"
"remove sora watermark","[116,104,117,130,120,106,112,144,124,101]","1174"
"video watermark remover free","[116,129,84,110,118,161,121,94,131,129]","1193"
"online watermark remover","[167,162,140,164,116,155,97,113,94,65]","1273"
"download tiktok tanpa watermark","[132,108,120,105,145,180,139,130,108,112]","1279"
"remove gemini watermark","[44,64,108,132,136,159,140,181,155,162]","1281"
"hapus watermark online","[131,132,124,117,113,127,120,120,160,141]","1285"
"how to insert watermark in word","[129,149,152,149,53,136,141,158,143,139]","1349"
"gpt watermark remover","[171,184,128,124,54,99,110,177,171,134]","1352"
"universal watermark disabler","[78,82,66,66,122,108,84,87,453,280]","1426"
"tiktok without watermark","[148,181,160,149,177,160,159,145,149,124]","1552"
"water mark","[177,199,188,168,127,213,152,145,152,178]","1699"
"tiktok download without watermark","[135,159,133,188,246,228,185,119,166,141]","1700"
"watermark remover from pdf","[179,195,176,180,129,193,146,170,178,197]","1743"
"tt downloader no watermark","[162,164,156,169,161,222,217,176,149,190]","1766"
"watermarkremover","[189,201,194,219,147,153,221,171,124,152]","1771"
"watermark login","[215,239,216,229,102,145,153,185,195,120]","1799"
"watermark maker","[213,194,169,199,140,196,189,194,207,187]","1888"
"remove watermark free","[210,206,194,221,144,186,205,165,204,185]","1920"
"watermark in word","[202,198,198,192,102,185,200,214,234,199]","1924"
"how to add watermark in word","[180,217,228,212,105,192,211,182,195,215]","1937"
"remove watermark video","[192,189,222,203,189,240,161,166,199,179]","1940"
"chat gpt watermark remover","[332,346,249,243,74,147,163,210,190,179]","2133"
"download tiktok without watermark","[245,239,203,223,201,216,251,257,218,208]","2261"
"unwatermark","[191,222,211,260,170,223,177,231,336,299]","2320"
"watermark remover ai","[274,281,241,229,220,258,235,218,227,191]","2374"
"remove watermark online","[296,239,264,270,195,269,268,227,247,212]","2487"
"watermark remover online","[270,257,263,270,287,226,217,256,259,229]","2534"
"pdf watermark remover","[212,206,224,241,209,247,269,406,326,332]","2672"
"add watermark to pdf","[305,297,273,330,187,295,317,283,267,332]","2886"
"livetext","[322,467,587,498,38,104,185,234,268,238]","2941"
"marca de agua","[352,285,349,265,166,250,307,348,322,313]","2957"
"watermark remove","[389,334,411,353,199,226,246,216,285,311]","2970"
"how to remove watermark in word","[308,284,308,295,153,306,363,304,311,349]","2981"
"watermark pdf","[321,325,311,320,242,350,275,376,358,324]","3202"
"download video tiktok tanpa watermark","[285,295,328,295,306,422,400,286,266,322]","3205"
"gemini watermark remover","[108,115,208,214,315,408,431,471,539,526]","3335"
"ssstiktok download without watermark","[368,317,330,327,395,393,384,370,282,302]","3468"
"chatgpt watermark remover","[428,419,379,396,184,302,332,356,359,331]","3486"
"sora watermark remover","[418,415,363,381,340,443,344,386,481,303]","3874"
"free watermark remover","[396,389,377,363,413,456,396,399,376,374]","3939"
"watermarkly","[450,507,471,444,281,366,400,425,448,399]","4191"
"watermark remover from video","[439,402,420,426,445,510,477,458,437,409]","4423"
"watermark remover video","[449,478,464,515,458,436,433,418,445,447]","4543"
"remove watermark from pdf","[422,473,567,467,415,512,435,478,476,530]","4775"
"ai watermark remover","[529,525,558,552,379,529,505,501,490,490]","5058"
"tiktok watermark remover","[535,607,539,514,553,604,532,569,579,597]","5629"
"dewatermark官网","[581,625,719,666,575,656,569,511,487,385]","5774"
"video watermark remover","[626,532,537,537,612,676,594,604,684,640]","6042"
"remove watermark from video","[583,676,715,613,678,641,628,609,668,630]","6441"
"watermark remover free","[711,716,711,634,583,724,592,675,604,698]","6648"
"水印去除","[746,829,794,866,587,680,676,550,554,478]","6760"
"tiktok video downloader without watermark","[591,674,757,676,795,851,739,701,784,748]","7316"
"dewatermark","[814,812,817,800,621,799,685,767,774,672]","7561"
"tiktok downloader without watermark","[823,971,855,676,762,889,841,912,797,733]","8259"
"在线去水印","[913,955,917,1048,979,923,796,788,872,825]","9016"
"hitpaw watermark remover","[1181,1286,1252,1163,921,909,832,852,791,684]","9871"
"remove watermark from image","[1386,1502,1468,1277,1097,1111,1069,1198,1149,1189]","12446"
"ai去水印","[1695,1731,1636,1806,1442,1492,1367,1259,1164,1095]","14687"
"图片去水印","[2286,2156,2153,2461,2179,2385,1941,1861,1813,1790]","21025"
"remove watermark","[2979,2849,2839,2749,2150,2511,2402,2583,2489,2556]","26107"
"去水印 在线免费","[5996,5745,5910,6514,5471,4863,3079,3610,4233,3986]","49407"
"watermark remover","[9237,9563,9585,8802,7160,8276,8144,8325,8077,7955]","85124"
"去水印","[11144,11035,11060,13040,10265,11342,10295,9242,8851,8478]","104752"
